마지막 작업일자,작업 시작일자
,2020-11-24 10:23:00
2020-11-24 10:23:00,2020-11-24 10:23:11
2020-11-24 10:23:11,2020-11-24 10:24:51
2020-11-24 10:24:51,2020-11-30 12:02:29
2020-11-30 12:02:29,2020-12-07 14:37:22
2020-12-07 14:37:22,2020-12-14 13:47:38
2020-12-14 13:47:38,2020-12-21 11:42:46
2020-12-21 11:42:46,2020-12-28 13:40:12
2020-12-28 13:40:12,2021-01-04 13:33:38
2021-01-04 13:33:38,2021-01-11 12:24:56
2021-01-11 12:24:56,2021-01-18 13:38:28
2021-01-18 13:38:28,2021-01-25 13:43:25
2021-01-25 13:43:25,2021-02-01 13:54:15
2021-02-01 13:54:15,2021-02-08 09:33:37
2021-02-08 09:33:37,2021-02-15 12:18:04
2021-02-15 12:18:04,2021-02-22 14:38:33
2021-02-22 14:38:33,2021-03-01 12:54:33
2021-03-01 12:54:33,2021-03-08 13:42:14
2021-03-08 13:42:14,2021-03-15 11:28:11
2021-03-15 11:28:11,2021-03-23 09:42:42
2021-03-23 09:42:42,2021-03-29 13:32:45
2021-03-29 13:32:45,2021-04-05 18:18:43
2021-04-05 18:18:43,2021-04-12 15:40:02
2021-04-12 15:40:02,2021-04-19 17:03:05
2021-04-19 17:03:05,2021-04-26 16:06:00
2021-04-26 16:06:00,2021-05-03 16:08:47
2021-05-03 16:08:47,2021-05-10 16:14:25
2021-05-10 16:14:25,2021-05-17 16:09:20
2021-05-17 16:09:20,2021-05-24 16:06:05
2021-05-24 16:06:05,2021-05-31 15:28:20
2021-05-31 15:28:20,2021-06-03 16:45:05
2021-06-03 16:45:05,2021-06-07 16:28:00
2021-06-07 16:28:00,2021-06-14 17:28:56
2021-06-14 17:28:56,2021-06-21 16:06:39
2021-06-21 16:06:39,2021-06-28 16:05:51
2021-06-28 16:05:51,2021-07-05 16:06:05
2021-07-05 16:06:05,2021-07-12 16:06:10
2021-07-12 16:06:10,2021-07-19 17:26:51
2021-07-19 17:26:51,2021-07-28 10:40:22
2021-07-28 10:40:22,2021-08-02 16:58:24
2021-08-02 10:40:22,2021-08-09 17:37:00
2021-08-09 17:37:00,2021-08-23 16:36:44
2021-08-23 16:36:44,2021-08-31 13:31:20
2021-08-31 13:31:20,2021-09-06 14:23:10
2021-09-06 14:23:10,2021-09-13 16:20:42
2021-09-13 16:20:42,2021-09-27 15:49:23
2021-09-27 15:49:23,2021-10-05 17:53:06
2021-10-05 17:53:06,2021-10-12 16:19:05
2021-10-12 16:19:05,2021-10-18 15:11:20
2021-10-18 15:11:20,2021-12-01 16:07:25
2021-12-01 16:07:25,2021-12-13 16:45:49
2021-12-13 16:45:49,2021-12-20 14:54:26
2021-12-20 14:54:26,2021-12-27 17:35:19
2021-12-27 17:35:19,2022-01-03 17:43:46
2022-01-03 17:43:46,2022-01-10 19:23:05
2022-01-10 19:23:05,2022-01-24 16:48:47
2022-01-24 16:48:47,2022-02-07 13:22:21
2022-02-07 13:22:21,2022-02-14 15:54:31ß
2022-02-14 15:54:31,2022-02-21 14:43:59
2022-02-21 14:43:59,2022-02-28 14:38:31
2022-02-28 14:38:31,2022-03-08 10:50:23
2022-03-08 10:50:23,2022-03-17 18:24:42
2022-03-17 18:24:42,2022-03-22 09:55:36
2022-03-22 09:55:36,2022-03-29 10:07:13
2022-03-29 10:07:13,2022-04-06 10:44:08
2022-04-06 10:44:08,2022-04-11 16:06:49
2022-04-11 16:06:49,2022-04-18 15:56:45
2022-04-18 15:56:45,2022-04-26 10:26:19
2022-04-26 10:26:19,2022-05-03 10:02:44
2022-05-03 10:02:44,2022-05-09 18:14:09
2022-05-09 18:14:09,2022-05-17 13:48:34
2022-05-17 13:48:34,2022-05-23 16:47:21
2022-05-23 16:47:21,2022-05-30 17:31:01
2022-05-30 17:31:01,2022-06-08 15:40:39
2022-06-08 15:40:39,2022-06-14 09:49:03
2022-06-14 09:49:03,2022-06-23 15:40:35
2022-06-23 15:40:35,2022-06-23 15:40:56
2022-06-23 15:40:56,2022-06-23 15:42:29
2022-06-23 15:42:29,2022-06-28 14:20:36
2022-06-28 14:20:36,2022-07-04 15:05:59
2022-07-04 15:05:59,2022-07-11 15:29:35
2022-07-11 15:29:35,2022-07-18 14:49:51
2022-07-18 14:49:51,2022-07-25 15:34:02
2022-07-25 15:34:02,2022-08-02 10:05:53
2022-08-02 10:05:53,2022-08-08 14:35:40
2022-08-08 14:35:40,2022-08-16 15:49:58